codigo;descricao
01;AGRICULTURA, PECUARIA E SERVICOS RELACIONADOS
02;PRODUCAO FLORESTAL
03;PESCA E AQUICULTURA
05;EXTRACAO DE CARVAO MINERAL
06;EXTRACAO DE PETROLEO E GAS NATURAL
07;EXTRACAO DE MINERAIS METALICOS
08;EXTRACAO DE MINERAIS NAO METALICOS
09;ATIVIDADES DE APOIO A EXTRACAO DE MINERAIS
10;FABRICACAO DE PRODUTOS ALIMENTICIOS
11;FABRICACAO DE BEBIDAS
12;FABRICACAO DE PRODUTOS DO FUMO
13;FABRICACAO DE PRODUTOS TEXTEIS
14;CONFECCAO DE ARTIGOS DO VESTUARIO E ACESSORIOS
15;PREPARACAO DE COUROS E FABRICACAO DE ARTEFATOS DE COURO, ARTIGOS PARA VIAGEM E CALCADOS
16;FABRICACAO DE PRODUTOS DE MADEIRA
17;FABRICACAO DE CELULOSE, PAPEL E PRODUTOS DE PAPEL
18;IMPRESSAO E REPRODUCAO DE GRAVACOES
19;FABRICACAO DE COQUE, DE PRODUTOS DERIVADOS DO PETROLEO E DE BIOCOMBUSTIVEIS
20;FABRICACAO DE PRODUTOS QUIMICOS
21;FABRICACAO DE PRODUTOS FARMOQUIMICOS E FARMACEUTICOS
22;FABRICACAO DE PRODUTOS DE BORRACHA E DE MATERIAL PLASTICO
23;FABRICACAO DE PRODUTOS DE MINERAIS NAO METALICOS
24;METALURGIA
25;FABRICACAO DE PRODUTOS DE METAL, EXCETO MAQUINAS E EQUIPAMENTOS
26;FABRICACAO DE EQUIPAMENTOS DE INFORMATICA, PRODUTOS ELETRONICOS E OPTICOS
27;FABRICACAO DE MAQUINAS, APARELHOS E MATERIAIS ELETRICOS
28;FABRICACAO DE MAQUINAS E EQUIPAMENTOS
29;FABRICACAO DE VEICULOS AUTOMOTORES, REBOQUES E CARROCERIAS
30;FABRICACAO DE OUTROS EQUIPAMENTOS DE TRANSPORTE, EXCETO VEICULOS AUTOMOTORES
31;FABRICACAO DE MOVEIS
32;FABRICACAO DE PRODUTOS DIVERSOS
33;MANUTENCAO, REPARACAO E INSTALACAO DE MAQUINAS E EQUIPAMENTOS
35;ELETRICIDADE, GAS E OUTRAS UTILIDADES
36;CAPTACAO, TRATAMENTO E DISTRIBUICAO DE AGUA
37;ESGOTO E ATIVIDADES RELACIONADAS
38;"COLETA, TRATAMENTO E DISPOSICAO DE RESIDUOS; RECUPERACAO DE MATERIAIS"
39;DESCONTAMINACAO E OUTROS SERVICOS DE GESTAO DE RESIDUOS
41;CONSTRUCAO DE EDIFICIOS
42;OBRAS DE INFRAESTRUTURA
43;SERVICOS ESPECIALIZADOS PARA CONSTRUCAO
45;COMERCIO E REPARACAO DE VEICULOS AUTOMOTORES E MOTOCICLETAS
46;COMERCIO POR ATACADO, EXCETO VEICULOS AUTOMOTORES E MOTOCICLETAS
47;COMERCIO VAREJISTA
49;TRANSPORTE TERRESTRE
50;TRANSPORTE AQUAVIARIO
51;TRANSPORTE AEREO
52;ARMAZENAMENTO E ATIVIDADES AUXILIARES DOS TRANSPORTES
53;CORREIO E OUTRAS ATIVIDADES DE ENTREGA
55;ALOJAMENTO
56;ALIMENTACAO
58;EDICAO E EDICAO INTEGRADA A IMPRESSAO
59;"ATIVIDADES CINEMATOGRAFICAS, PRODUCAO DE VIDEOS E DE PROGRAMAS DE TELEVISAO; GRAVACAO DE SOM E EDICAO DE MUSICA"
60;ATIVIDADES DE RADIO E DE TELEVISAO
61;TELECOMUNICACOES
62;ATIVIDADES DOS SERVICOS DE TECNOLOGIA DA INFORMACAO
63;ATIVIDADES DE PRESTACAO DE SERVICOS DE INFORMACAO
64;ATIVIDADES DE SERVICOS FINANCEIROS
65;SEGUROS, RESSEGUROS, PREVIDENCIA COMPLEMENTAR E PLANOS DE SAUDE
66;ATIVIDADES AUXILIARES DOS SERVICOS FINANCEIROS, SEGUROS, PREVIDENCIA COMPLEMENTAR E PLANOS DE SAUDE
68;ATIVIDADES IMOBILIARIAS
69;ATIVIDADES JURIDICAS, DE CONTABILIDADE E DE AUDITORIA
70;ATIVIDADES DE SEDES DE EMPRESAS E DE CONSULTORIA EM GESTAO EMPRESARIAL
71;"SERVICOS DE ARQUITETURA E ENGENHARIA; TESTES E ANALISES TECNICAS"
72;PESQUISA E DESENVOLVIMENTO CIENTIFICO
73;PUBLICIDADE E PESQUISA DE MERCADO
74;OUTRAS ATIVIDADES PROFISSIONAIS, CIENTIFICAS E TECNICAS
75;ATIVIDADES VETERINARIAS
77;ALUGUEIS NAO IMOBILIARIOS E GESTAO DE ATIVOS INTANGIVEIS NAO FINANCEIROS
78;SELECAO, AGENCIAMENTO E LOCACAO DE MAO DE OBRA
79;AGENCIAS DE VIAGENS, OPERADORES TURISTICOS E SERVICOS DE RESERVAS
80;ATIVIDADES DE VIGILANCIA, SEGURANCA E INVESTIGACAO
81;SERVICOS PARA EDIFICIOS E ATIVIDADES PAISAGISTICAS
82;SERVICOS DE ESCRITORIO, DE APOIO ADMINISTRATIVO E OUTROS SERVICOS PRESTADOS PRINCIPALMENTE AS EMPRESAS
84;ADMINISTRACAO PUBLICA, DEFESA E SEGURIDADE SOCIAL
85;EDUCACAO
86;ATIVIDADES DE ATENCAO A SAUDE HUMANA
87;ATIVIDADES DE ATENCAO A SAUDE HUMANA INTEGRADAS COM ASSISTENCIA SOCIAL, PRESTADAS EM RESIDENCIAS COLETIVAS E PARTICULARES
88;SERVICOS DE ASSISTENCIA SOCIAL SEM ALOJAMENTO
90;ATIVIDADES ARTISTICAS, CRIATIVAS E DE ESPETACULOS
91;ATIVIDADES LIGADAS AO PATRIMONIO CULTURAL E AMBIENTAL
92;ATIVIDADES DE EXPLORACAO DE JOGOS DE AZAR E APOSTAS
93;ATIVIDADES ESPORTIVAS E DE RECREACAO E LAZER
94;ATIVIDADES DE ORGANIZACOES ASSOCIATIVAS
95;REPARACAO E MANUTENCAO DE EQUIPAMENTOS DE INFORMATICA E COMUNICACAO E DE OBJETOS PESSOAIS E DOMESTICOS
96;OUTRAS ATIVIDADES DE SERVICOS PESSOAIS
97;SERVICOS DOMESTICOS
99;ORGANISMOS INTERNACIONAIS E OUTRAS INSTITUICOES EXTRATERRITORIAIS